source,target,hits,score,score.1
TROUT,TROUT,91.0,12.745000000000001,12.745000000000001
